,Name,ID
0,https://go.oncehub.com/TheWebinarAgencyIB,BP-96JAV1LQUX,The Webinar Agency IB
1,https://go.oncehub.com/PropertyTwinsTriage,BP-Y21KQ4ME8A, Property Twins
2,https://go.oncehub.com/RoninForexIB,BP-QGHDK9TVMW, Ronin Forex IB
3,https://go.oncehub.com/EmpireTaxIB,BP-G63BC918LE, Empire Tax IB
4,https://go.oncehub.com/EmpireTaxTriage,BP-W80VQ5SRYE, Empire Tax
5,https://go.oncehub.com/TheWebinarAgencyTriage,BP-CMH0UP9BY6, The Webinar Agency
6,https://go.oncehub.com/BigFreightServicesIB,BP-8HPT2KY3FA, Big Rig Freight Services IB
7,https://go.oncehub.com/BigFreightServicesTriage,BP-3RUFJ6AP42, Big Rig Freight Services
8,https://go.oncehub.com/EcomAgoraIB,BP-T7DJ831VXG, Ecom Agora IB
9,https://go.oncehub.com/AmplifyMyBusinessTriage,BP-WTERBPYXD0, Amplify
10,https://go.oncehub.com/LouisRaeCall,BP-HE3QFP57XN, Louis-Rae Personal
11,https://go.oncehub.com/EcomAgoraTriage,BP-QYKXSJ95V8, Ecom Agora
12,https://go.oncehub.com/RoninForexTriageCall,BP-EQCU2HG63S, Ronin Forex
13,https://go.oncehub.com/EstablishPRTriage,BP-6YX802SGKP, Establish PR
14,https://go.oncehub.com/ConsistentClientAgenciesTriage,BP-K1WND2CXJY, Consistent Client Agencies
15,https://go.oncehub.com/DFYSettersOnboardingJT,BP-BJSLPX0VCF, JT Onboarding
16,https://go.oncehub.com/DFYSettersOnboardingTG,BP-DZ9WFAMK0E, TG Onboarding
17,https://go.oncehub.com/6FigureRecruiterTriage,BP-SRAFETU0G4, 6 Figure Recruiter
18,https://go.oncehub.com/Tradacctriage,BP-GLEJX0F4PD, Tradacc
19,https://go.oncehub.com/2PercentTheorytriage,BP-TQUNJ8WCMX, 2 Percent
20,https://go.oncehub.com/AdSembletriage,BP-3GCZUTJKM5, AdSemble
21,https://go.oncehub.com/BoutiqueGrowthworkshop,BP-FAK5B3CJ71, Boutique Growth Workshop
22,https://go.oncehub.com/MaggieYuJH,BP-1A34CBH50Q, Maggie Yu JH
23,https://go.oncehub.com/committed100triage,BP-RXN6ZTBYJ5, Committed 100
24,https://go.oncehub.com/dfyatriage3,BP-3A0RW4KNYP, DFYA 3
25,https://go.oncehub.com/dfyatriage2,BP-H1XV96N5EB, DFYA 2
26,https://go.oncehub.com/FreeMarketingHelpWithPatrick,BP-ZQUDKETVA5, Unsure
27,https://go.oncehub.com/MaggieYuMM,BP-UJXEKT8HAC, Maggie Yu MM
28,https://go.oncehub.com/MaggieYuTG,BP-T68LEKYGX7, Maggie Yu TG
29,https://go.oncehub.com/TheFlipstressBri,BP-TH958XE2JP, The Flipstress Bri
30,https://go.oncehub.com/MultiplyIncTriage,BP-5ZESY0ATRP, Multiply
31,https://go.oncehub.com/TheFlipstressIB,BP-2BXFLJ3U0W, The Flipstress IB
32,https://go.oncehub.com/execupgradestriage,BP-G9CKM8TQAZ, Exec Upgrades
33,https://go.oncehub.com/TYPBNTriage,BP-JBAC1Z5RN7, TYPBN
34,https://go.oncehub.com/MABMediaIntro,BP-3FTHG8RJY0, Mab Media IB
35,https://go.oncehub.com/MabMediaTriage,BP-SQ3X5YE2C6, Mab Media Triage
36,https://go.oncehub.com/REMRoiTriage,BP-2PRC7THEXV, REM ROI
37,https://go.oncehub.com/LocalMapSmithTriage,BP-LBHFPCTU4Z, Local Map Smith
38,https://go.oncehub.com/ScaleBoldTriage,BP-3YTLGRVKE4, Scalebold
39,https://go.oncehub.com/2xtriage,BP-0KWS3L8B9J, 2x
40,https://go.oncehub.com/GarageGymIntro,BP-N5TFMZ6SHE, Garage Gym IB
41,https://go.oncehub.com/ObiOneMediaIntro,BP-C0ES5KXB8U, Obi One Intro
42,https://go.oncehub.com/RestorationContracts,BP-16AZRGNH8T, Restoration Contracts
43,https://go.oncehub.com/MelaniePowerTriage,BP-EFV2ZGURSW, Melanie Power
44,https://go.oncehub.com/PrecisionSlimDiscoveryCall,BP-VAGB43CQ5E, Precision Slim Sales Call
45,https://go.oncehub.com/SallySparks,BP-12GWH907BN, Sally Sparks
46,https://go.oncehub.com/sahtriage2,BP-6D30PZW7HL, SAHBK 2
47,https://go.oncehub.com/Toddbrowntriage,BP-VETSHWQF9X, Todd Brown
48,https://go.oncehub.com/cherylhuntertriage,BP-WQU65GZFNK, Cheryl Hunter
49,https://go.oncehub.com/PrecisionSlimTriage,BP-H9T3K0B4PC, Precision Slim
50,https://go.oncehub.com/PopPublishingtriage,BP-U4WZA2ESR6, Pop Publishing
51,https://go.oncehub.com/7FigureFemme,BP-AY8324EVG6, 7 Figure Femme
52,https://go.oncehub.com/garagegymtriage,BP-NK82ATLV17, Garage Gym
53,https://go.oncehub.com/fitmomtriage,BP-KVY7QS2WC5, Fit Mom
54,https://go.oncehub.com/coachingsalestriage,BP-MLZW37Q6CF, Coaching Sales
55,https://go.oncehub.com/boutiquegrowthtriage,BP-XRVAULC0ZW, Boutique Growth
56,https://go.oncehub.com/laninalutriage,BP-N5WT4EH8ZG, Lani Nalu
57,https://go.oncehub.com/sahbtriage,BP-BEKU4XQ6T0, SABHK
58,https://go.oncehub.com/dfyatriage,BP-8GP1UL3R4Y, DFYA
59,https://go.oncehub.com/sslaunchcall,BP-F8XSRGLMTJ, Old Launch Call
